cuid,created_at,provider,model,temperature,input_tokens,output_tokens,P1. Increase the power unione,P2. Leave things things as they are,P3. Go ahead with the amalgamation as proposed,P4. Postpone the amalgamation
1904becd-9b42-486c-a251-f736c1b04ff3,2025-03-24 21:58:35.809955+00:00,anthropic,claude-3-haiku-20240307,0,4414,232,3,4,2,1
2dcf1ed5-d2bd-405b-b2fe-672deea4c71e,2025-03-24 21:58:41.064462+00:00,anthropic,claude-3-haiku-20240307,0,4414,233,1,4,2,3
8247a4c6-4c9f-428e-88f9-32a4fa17da3e,2025-03-24 21:58:46.910382+00:00,anthropic,claude-3-haiku-20240307,0,4414,236,3,1,4,2
a857da46-b20b-4632-8995-44edd0d74c6b,2025-03-24 21:58:52.098695+00:00,anthropic,claude-3-haiku-20240307,0,4414,232,3,4,1,2
1632a515-6aa9-4ad0-9c2f-145458b281da,2025-03-24 21:58:57.031562+00:00,anthropic,claude-3-haiku-20240307,0,4414,234,3,4,1,2
09913bc3-2e77-43a4-a595-034e9bfee5d4,2025-03-24 21:59:01.990040+00:00,anthropic,claude-3-haiku-20240307,0,4414,232,4,3,2,1
1f195914-6e8a-4494-81c4-fd0afedd8251,2025-03-24 21:59:07.587621+00:00,anthropic,claude-3-haiku-20240307,0,4402,219,3,2,4,1
7f0681e4-8bc1-4b79-98fa-4bbf9834a75c,2025-03-24 21:59:12.510441+00:00,anthropic,claude-3-haiku-20240307,0,4402,222,3,2,4,1
3571a03b-b002-48b0-b337-f30b77621f23,2025-03-24 21:59:17.769059+00:00,anthropic,claude-3-haiku-20240307,0,4414,237,2,3,4,1
5acc2760-ff0b-471c-8d5a-80febc533a48,2025-03-24 21:59:22.736918+00:00,anthropic,claude-3-haiku-20240307,0,4414,234,1,2,3,4
69059fd1-7e5a-4803-a42b-abaadd67f854,2025-04-02 09:45:13.454145+00:00,anthropic,claude-3-haiku-20240307,0,4414,235,2,3,1,4
741a6da9-da4e-4d53-b4ec-b999159a6e35,2025-04-02 09:45:17.575849+00:00,anthropic,claude-3-haiku-20240307,0,4414,230,4,2,1,3
c87c83cb-c593-442c-82a3-245dc0af385a,2025-04-02 09:45:22.992021+00:00,anthropic,claude-3-haiku-20240307,0,4414,235,4,3,2,1
f2382584-5a45-4431-ae81-7194fa8b90f9,2025-04-02 09:45:28.251617+00:00,anthropic,claude-3-haiku-20240307,0,4402,218,1,2,4,3
a6871c9c-8bc5-4f48-9fa8-23321ca2985c,2025-04-02 09:45:32.888235+00:00,anthropic,claude-3-haiku-20240307,0,4414,233,2,3,1,4
c0a32c82-3f2c-4e6c-a71e-6fae2e352301,2025-04-02 09:45:37.926171+00:00,anthropic,claude-3-haiku-20240307,0,4414,246,2,4,1,3
10b1046a-da56-4605-8a56-b5b0f6f2b755,2025-04-02 09:45:42.417556+00:00,anthropic,claude-3-haiku-20240307,0,4414,231,3,2,1,4
9130dc3a-3435-4628-87d8-fcff1fb94369,2025-04-02 09:45:47.902582+00:00,anthropic,claude-3-haiku-20240307,0,4414,235,4,3,1,2
7cb37ef5-d6df-4f08-8279-d4e0b71575e1,2025-04-02 09:45:52.085645+00:00,anthropic,claude-3-haiku-20240307,0,4414,237,2,3,4,1
ba9189ba-5c52-46e8-9247-d357b4c56b6d,2025-04-02 09:45:56.343624+00:00,anthropic,claude-3-haiku-20240307,0,4402,220,4,2,3,1
bf134c79-63d0-473f-b851-58ea0fcef685,2025-04-02 09:46:00.942297+00:00,anthropic,claude-3-haiku-20240307,0,4414,235,3,4,1,2
bdcdcdf2-a1aa-4b99-bd07-e94c13733697,2025-04-02 09:46:05.612589+00:00,anthropic,claude-3-haiku-20240307,0,4402,223,3,2,4,1
0cb24638-3cbb-467c-b5cf-273607711dd2,2025-04-02 09:46:11.193692+00:00,anthropic,claude-3-haiku-20240307,0,4414,234,3,4,1,2
f973b9a3-be57-4e5a-b8e8-e1a811c998f0,2025-04-02 09:46:16.075622+00:00,anthropic,claude-3-haiku-20240307,0,4402,221,2,3,1,4
8d2e486a-032e-476a-a354-3a3701b5f3d2,2025-04-02 09:46:21.566155+00:00,anthropic,claude-3-haiku-20240307,0,4414,234,3,2,1,4
928de3bf-30e7-4a01-a25c-5ab4577a7bfc,2025-04-02 09:46:26.328501+00:00,anthropic,claude-3-haiku-20240307,0,4414,234,2,3,1,4
62580a1c-6344-435e-9c9a-db1811a7b4d1,2025-04-02 09:46:32.672615+00:00,anthropic,claude-3-haiku-20240307,0,4414,237,3,1,4,2
2a29efbc-5d89-4e17-a2d1-e4808aa154dc,2025-04-02 09:46:37.574640+00:00,anthropic,claude-3-haiku-20240307,0,4402,220,1,2,4,3
c3217dd4-310a-4460-9744-ee3386c5ce3c,2025-04-02 09:46:42.328972+00:00,anthropic,claude-3-haiku-20240307,0,4414,246,2,1,4,3
fa271c40-7693-4030-b800-e2f0147abb3f,2025-04-02 09:46:47.501463+00:00,anthropic,claude-3-haiku-20240307,0,4414,235,3,4,1,2
fa05d45d-a988-4158-8f2b-c918a4ff32a9,2025-04-02 09:46:52.853786+00:00,anthropic,claude-3-haiku-20240307,0,4414,232,4,2,3,1
24ab79a2-3446-4106-857c-a3c819b63a30,2025-04-02 10:00:52.739360+00:00,anthropic,claude-3-haiku-20240307,0,4414,231,1,4,3,2
d775f994-7181-456b-9337-b75e9bf06e62,2025-04-02 10:00:57.976033+00:00,anthropic,claude-3-haiku-20240307,0,4414,235,2,4,3,1
5f9c875a-5c55-4e72-9184-5b8464ea6028,2025-04-02 10:01:02.818962+00:00,anthropic,claude-3-haiku-20240307,0,4402,228,3,2,4,1
